{"response":[
        {"_id":"5f204f86bf2ede0017e48507","nombre":"Pelota interactiva de goma","descripcion":"Puede usar la bola interactiva de elasticidad para jugar con sus mascotas y fortalecer el vínculo, también ayuda a mejorar la inteligencia de las mascotas. El color brillante es fácil de despertar el interés de las mascotas y matar el tiempo aburrido. Juegue con él, el perro reducirá el daño de sus muebles y se sentirá menos solo cuando no esté en casa.","precio":450,"stock":18,"imagen":"https://cdn.shopify.com/s/files/1/0406/8003/0364/products/product-image-1432090831_1024x1024.jpg?v=1592521725","tipo":"Juguete","__v":0},
        {"_id":"5f205432bf2ede0017e48508","nombre":"Juguete interactivo IQ Treat Ball","descripcion":"Esta pelota estimula el pensamiento de su mascota haciendo que tenga que encontrar la forma de jugar con ella para poder recibir su premio. Puede ser utilizada tanto por perros como por gatos y favorece el tiempo de ingesta para mejorar la digestión de los mismos","precio":970,"stock":4,"imagen":"https://cdn.shopify.com/s/files/1/0406/8003/0364/products/product-image-1291332388_445a8917-102c-4afe-879b-6f5f37c1a676_1024x1024.jpg?v=1592521690","tipo":"Juguete","__v":0},
        {"_id":"5f205439bf2ede0017e48509","nombre":"Frisbee de silicona","descripcion":"Excelente juguete para hacer que su perro haga más ejercicio y libere tensiones. Ayuda a mantenerlo activo y de esa manera se mantendrá alejado de los muebles. Al ser de silicona de primer nivel, puede ser utilizado al aire libre aunque también como mordillo dentro de la casa.","precio":320,"stock":20,"imagen":"https://cdn.shopify.com/s/files/1/0406/8003/0364/products/product-image-1308027576_1024x1024.jpg?v=1592521713","tipo":"Juguete","__v":0},
        {"_id":"5f205452bf2ede0017e4850a","nombre":"Pelota de agua con compartimento","descripcion":"Hecha con el mejor de los materiales, esta pelota se llena de agua y tiene un compartimento para que se pueda insertar algo de comida o interes para el animal. Está recomendada para perros pequeños sin mordida pesada. Tiene 8cm de diametro.","precio":500,"stock":2,"imagen":"https://cdn.shopify.com/s/files/1/0406/8003/0364/products/product-image-1285781766_1024x1024.jpg?v=1592941758","tipo":"Juguete","__v":0},
        {"_id":"5f205462bf2ede0017e4850b","nombre":"Cuerda para morder","descripcion":"Juguete ideal para perros. Con esta cuerda podrán jugar solos, con usted o con otra mascota. Muy útil para liberar tensiones y brindarles un objeto de apego con el cual se sientan cómodos. Viene en dos medidas: 50cm/60cm","precio":350,"stock":8,"imagen":"https://cdn.shopify.com/s/files/1/0406/8003/0364/products/product-image-1228771554_1024x1024.jpg?v=1592521710","tipo":"Juguete","__v":0},
        {"_id":"5f205469bf2ede0017e4850c","nombre":"Pelota con sopapa","descripcion":"Hecho con excelentes y duraderos materiales, es un juguete muy versátil. La sopapa permite que sea amurado a cualquier superfice lisa lo que permite que esté en una puerta, el piso, una ventana, etc. aunque muchos a perros les divierte usarla sin que esté amurada por sus cuerdas y la pelota en la punta opuesta a la sopapa","precio":380,"stock":3,"imagen":"https://cdn.shopify.com/s/files/1/0406/8003/0364/products/product-image-1434408603_1024x1024.jpg?v=1592521705","tipo":"Juguete","__v":0},
        {"_id":"5f205481bf2ede0017e4850d","nombre":"Botella bebedero portatil","descripcion":"Con una tapa con un cuenco es ideal para las caminatas largas o en dias calurosos. Uno libera el agua y pone el cuenco a disposición de su mascota para que se hidrate y siga el camino. Viene en varios colores, consultar previamente","precio":840,"stock":9,"imagen":"https://cdn.shopify.com/s/files/1/0406/8003/0364/products/product-image-721785001_1024x1024.jpg?v=1592941186","tipo":"Juguete","__v":0},
        {"_id":"5f205488bf2ede0017e4850e","nombre":"Juguete Jigwy Gladiador Azul - Mediano","descripcion":"Peluche ideal para que su perro se divierta en compañia de nuestro gadiador favorito. Listo para cualquier juego el podrá acompañar a su mascota hasta el cansancio","precio":940,"stock":6,"imagen":"https://puppis.vteximg.com.br/arquivos/ids/163598-1000-1000/228767.jpg?v=636746890828270000","tipo":"Juguete","__v":0},
        {"_id":"5f20f53a54c7bc0017856c7f","nombre":"Antipulgas Y Garrapatas Bravecto Para Perros","descripcion":"Producto especializado para perros de pequeños. Uso veterinario.","precio":1290,"stock":12,"imagen":"https://puppis.vteximg.com.br/arquivos/ids/167383-1000-1000/366255.jpg?v=637014017122630000","tipo":"Medicamento","__v":0},
        {"_id":"5f20f54254c7bc0017856c80","nombre":"Antiparasitario Interno Total Full CG Perros - 15 Cc","descripcion":"Antiparasitario interno en suspensión oral, contiene Fenbendazol y Toltrazuril. Uso veterinario.","precio":350,"stock":2,"imagen":"https://puppis.vteximg.com.br/arquivos/ids/159614-1000-1000/382117.jpg?v=636211162343630000","tipo":"Medicamento","__v":0},
        {"_id":"5f20f54c54c7bc0017856c81","nombre":"FRONTLINE Spray - 100 ml","descripcion":"Antiparasitario externo. Es un producto de gran eficacia para controlar pulgas, garrapatas y piojos en perros y gatos. Desde los dos días de edad. Contiene Fipronil.","precio":1190,"stock":2,"imagen":"https://puppis.vteximg.com.br/arquivos/ids/170176-1000-1000/373019.png?v=637142631469200000","tipo":"Medicamento","__v":0},
        {"_id":"5f20f55554c7bc0017856c82","nombre":"Total Full Cachorro Suspension - 15 Cc","descripcion":"Antiparasitario interno en suspensión oral. Estuche con frasco con 15 ml y jeringa dosificadora. Contiene Fenbendazol y Pirantel.","precio":240,"stock":10,"imagen":"https://puppis.vteximg.com.br/arquivos/ids/167371-1000-1000/382117.jpg?v=637014017065900000","tipo":"Medicamento","__v":0},{"_id":"5f20f55b54c7bc0017856c83","nombre":"Comfortis Tableta 560 Mg - 9-18 Kg","descripcion":"Comfortis con spinosad de Elanco Lilly es una tableta via oral con sabor a carne que mata las pulgas de su perro. Proporciona un mes completo de protección de la pulga para ayudar a prevenir futuras infestaciones de pulgas.","precio":610,"stock":8,"imagen":"https://puppis.vteximg.com.br/arquivos/ids/165944-1000-1000/381007.png?v=636850693330070000","tipo":"Medicamento","__v":0},
        {"_id":"5f20f56454c7bc0017856c84","nombre":"Power Ultra ( 1 Pipeta )","descripcion":"Power Ultra Pipeta controla y previene la infestación por pulgas y garrapatas en la mascota. Mata en forma instantánea pulgas y garrapatas, protegiendo a su mascota por 30 días. Corta el ciclo de pulgas eliminándolas antes de que se reproduzcan.","precio":329,"stock":1,"imagen":"https://puppis.vteximg.com.br/arquivos/ids/157833-1000-1000/Power-Ultra.jpg?v=635852684254630000","tipo":"Medicamento","__v":0},
        {"_id":"5f20f56f54c7bc0017856c85","nombre":"Collar Antipulgas Ecthol Para Perros - 63 Cm","descripcion":"Collar con antiparasitario externo para el control de pulgas y garrapatas. Antiparasitario externo a base de Clorpirifos, organofosforado que actúa por tensión de vapor con acción larvicida y adulticida","precio":329,"stock":9,"imagen":"https://puppis.vteximg.com.br/arquivos/ids/165646-1000-1000/332002.png?v=636764253250970000","tipo":"Medicamento","__v":0}
        ]
    }